id,title,author,year
1,Different from You and Me (Anders als du und ich) ,Lavinie Beevor,1975
2,"Foreigner, The",Amalie Swane,1999
3,Bronx Obama,Buddy Passo,1994
4,Taxi 4,Vicky Simonitto,1961
5,"Confucian Confusion, A (Du li shi dai)",Milena Dudley,1953
6,"Prince and the Showgirl, The",Erastus Halliwell,1992
7,Dealing: Or the Berkeley-to-Boston Forty-Brick Lost-Bag Blues,Estell Abrahami,1952
8,I Went Down,Sheryl Veighey,1956
9,Dead Man Running,Maison Morigan,1998
10,News from Home,Rosalia Wellbank,1997
11,Saving God,Tamara Goodridge,1959
12,Terms and Conditions May Apply,Florry De Avenell,1946
13,Rapado,Nollie Dufore,1999
14,Family Honeymoon,Jackquelin Bodicam,1952
15,Take the High Ground!,Elnore Neill,1967
16,Dragon Crusaders,Merell Learmouth,1991
17,A Star Athlete,Maryanne Redbourn,1988
18,The Butterfly Effect,Meg Oiller,1997
19,Delgo,Marjorie Stenning,1946
20,Immortel (ad vitam) (Immortal),Diahann Hayesman,1970
21,"Pact, The",Rose Heinzler,1957
22,With Love... from the Age of Reason,Joycelin Oxtoby,1970
23,"Nibelungen: Kriemhild's Revenge, Die (Die Nibelungen: Kriemhilds Rache)",Raddie Powles,1984
24,Le Mans,Tadio Cuskery,1968
25,"Railway Children, The",Sam Broose,1999
26,Under Ten Flags,Ashlin Ccomini,1945
27,Crime and Punishment,Winthrop Epdell,1996
28,Her Alibi,Zaccaria Westney,1973
29,Even Angels Eat Beans,Nancie Cathery,1974
30,Paperhouse,Clarie Castagna,1968
31,Arnulf Rainer,Morissa Vose,1976
32,KM 31: Kilometro 31,Jeanie Carder,1988
33,Vera Drake,Yoshi Sculley,1965
34,"Ugly Duckling and Me!, The",Joaquin Alelsandrovich,1949
35,Dive! (Dive!: Living off America's Waste),Kimbell Leakner,1993
36,Snowblind,Kristos Trenholm,1961
37,Bambi,Hewett Chasemoore,1956
38,Richard III,Darelle Heintze,1983
39,"Silence Before Bach, The (Die Stille vor Bach) ",Myranda Yakov,1957
40,"Big Picture, The",Florence Tuminelli,1960
41,Modern Times,Kerry Walbrun,1980
42,Within the Woods,Reg Klimpt,1984
43,Up,Rene Jayes,1974
44,Summer Heights High,Lorianne Keirl,1998
45,Callas Forever,Valerye Widdowson,1976
46,Inserts,Horatia Labes,1997
47,Laurel Canyon,Madelaine Blakemore,1964
48,Les hautes solitudes,Franklyn Besnard,1992
49,Brown Sugar,Luke Kemery,1996
50,Counter Investigation (Contre-enquête),Vi Joscelin,1951
51,Double Impact,Erskine Dillaway,1979
52,News from a Personal War (Notícias de uma Guerra Particular),Dulcinea Philps,1972
53,"Uninvited, The",Burch Postill,1959
54,"Yacoubian Building, The (Omaret yakobean)",Vernor Neilson,1994
55,Hit and Run (Hit & Run),Pet Peto,1988
56,That Hagen Girl,Dana Lightbourn,1949
57,Sharknado 2: The Second One,Bryana Lothean,1982
58,Cherry 2000,Bronnie Turland,1965
59,Hum Tum,Richart Vasyatkin,1992
60,Kanchenjungha,Ulrick Ballinger,1949
61,In a Glass Cage (Tras el cristal),Benjy Durand,1968
62,Al Franken: God Spoke,Angelita Parkhouse,1951
63,Sexual Life,Hamel Lanegran,1978
64,Full Frontal,Saxe Trawin,1980
65,Coco Chanel & Igor Stravinsky,Loren Ilewicz,1991
66,Morgan Stewart's Coming Home,Leonanie Parncutt,1985
67,"Black Sabbath (Tre volti della paura, I)",Dorothy Lenahan,1960
68,Meatballs III,Luce Jewson,1999
69,"Beau Serge, Le",Johnna Szymanowski,1975
70,"Honest Liar, An",Martynne Sheber,1955
71,"Musketeer, The",Cord Lingley,1987
72,"Flowers of War, The (Jin líng shí san chai)",Dukie Woodcroft,1993
73,Simon,Vilma Mantione,1974
74,Alien Nation: Millennium,Clarita Guite,1959
75,"Place in the Sun, A (En plats i solen)",Emelyne Barsham,1945
76,From Justin to Kelly,Rourke Harkins,1961
77,2:22,Franciskus L'Episcopi,1988
78,Ride in the Whirlwind,Geoffrey Streatfeild,1993
79,Shit Year,Esmeralda McElrath,1947
80,Cathy Come Home,Jase Puckinghorne,1945
81,"Violent Years, The",Branden Matyugin,1970
82,Thunderbolt (Pik lik feng),Orelie Brewins,1995
83,"East, The",Bond Janc,1975
84,Blackhat,Thurston Adamthwaite,1982
85,Blackwoods,Jody Gamet,1975
86,"Clearing, The",Nell Shilburne,1984
87,Gulliver's Travels,Dinny Bails,1960
88,"Unborn, The",Hayyim Donohue,1977
89,Return to the Blue Lagoon,Flossy McAneny,1973
90,What A Man,Mickie Colgrave,1963
91,Crocodile,Lenka Sherringham,1961
92,Kiss Kiss - Bang Bang,Berny Lissemore,1988
93,My Bodyguard,Muhammad Osgardby,1998
94,Gamer,Perle Millichip,1962
95,Tyler Perry's For Colored Girls,Kasper Cornelissen,1978
96,Clean Slate,Lyndsey Jozwiak,1976
97,"Heat's On, The",Woodie Vautier,1997
98,Arthur,Asia Ancliff,1968
99,"Nines, The",Drusy Boller,1962
100,Murder on a Sunday Morning (Un coupable idéal),Katrinka Strangward,1952
101,Dirigible,Ora Moyne,1995
102,Zeisters (Fat Guy Goes Nutzoid),Bernardo Seymark,1953
103,Call Me Crazy: A Five Film,Yurik Whitmell,1958
104,Steel Magnolias,Natividad Blackah,1957
105,Crime Zone,Jehu Walling,1990
106,Black Sea,Rina Custed,1948
107,Adventure in Baltimore,Mile Deniseau,1993
108,At Five in the Afternoon (Panj é asr),Elsy Oloshin,1964
109,"Most Dangerous Man in America: Daniel Ellsberg and the Pentagon Papers, The",Harris Linton,1981
110,"Rich, Young and Pretty",Quill Record,1949
111,Them!,Josephina Becconsall,1989
112,Nil By Mouth,Norean Baise,1982
113,Life as a House,Archaimbaud Dunn,1997
114,Gladiator,Roi Ties,1990
115,Body of Water (Syvälle salattu),Thom Divisek,1999
116,Drunken Tai Chi (Siu taai gik),Clara Dignan,1967
117,Shadow Puppets,Franciskus Kaye,1996
118,Fantasia,Lorry Roscam,1988
119,Clue,Royce Skully,1975
120,La Belle équipe,Yuri McIlvaney,2000
121,Heavy Petting,Lizzy Demangel,1995
122,Babylon 5: The Gathering,Lorrie Philo,1967
123,Tales from the Crypt Presents: Bordello of Blood,Dwayne Ferney,1967
124,Carol Channing: Larger Than Life,Jud Monkleigh,1973
125,White Fang,Lilllie McNellis,1991
126,Michael Collins,Jessica Tregona,1957
127,Cesar Chavez,Candy Featley,1952
128,The Monastery of Sendomir,Jaquenette Londesborough,1987
129,"Sometimes Happiness, Sometimes Sorrow (Kabhi Khushi Kabhie Gham)",Gonzalo Curson,1947
130,RiP: A Remix Manifesto,Ginny Whitnall,1952
131,Trance,Calvin Valentinetti,1954
132,Oculus,Nell McGettigan,1952
133,Winter Light (Nattvardsgästerna),Karlie Bilam,1990
134,Antitrust,Kenyon Taberer,1949
135,Our Town,Caprice Deluze,1963
136,When Trumpets Fade,Orelia Blackborow,1957
137,Assault on Wall Street ,Maggi Edgecombe,1999
138,Fletch Lives,Maryjane Baroc,1986
139,Body of Evidence,Benedetta Barnish,1961
140,"Daytrippers, The",Noe Darbyshire,1977
141,"Mysterious Geographic Explorations of Jasper Morello, The",Abba Kuhnhardt,1962
142,"Suspended Vocation, The (La vocation suspendue)",Tiler Collaton,1965
143,Scissere,Richy McElree,1994
144,Crawlspace,Sascha Conrath,1954
145,Alexandria... Why? (Iskanderija... lih?),Lesya Birkby,1948
146,Bears,Tamara Belliveau,1957
147,Cabiria,Riordan MacGahey,1966
148,Cocktail,Zulema Rootes,1951
149,Tatsumi,Papageno Flanagan,1961
150,Journey to Italy (Viaggio in Italia) (Voyage to Italy) (Voyage in Italy),Valerie Brady,1979
151,Bright Lights,Matty FitzAlan,1946
152,"Greatest Show on Earth, The",Valera Riseam,1966
153,"Locusts, The",Millicent Pawlicki,1999
154,How to Succeed in Business Without Really Trying,Wrennie Order,1982
155,In Your Dreams (Dans tes rêves),Keen Draude,1961
156,Sanjuro (Tsubaki Sanjûrô),Dodi Todarello,1999
157,Kismet,Hector McPeice,1974
158,Silver Bullet (Stephen King's Silver Bullet),Nada Grainger,1999
159,Prince Valiant,Byrann Gibbens,1966
160,My Brother the Terrorist,Hobard Wrighton,1956
161,Mr. Blandings Builds His Dream House,Bambie Fausch,1986
162,Opera Jawa,Cory Ragate,1963
163,Fullmetal Alchemist the Movie: Conqueror of Shamballa (Gekijô-ban hagane no renkinjutsushi: Shanbara wo yuku mono),Skye Tonna,1992
164,Live Nude Girls,Donni Stanluck,1964
165,The Photographer,Stace Baddoe,1989
166,Not as a Stranger,Frayda Sympson,1997
167,Deuce Bigalow: Male Gigolo,Hyacinthe Bescoby,1979
168,It Could Happen to You,Alphard Bumford,1999
169,"O Brother, Where Art Thou?",Yolande Normanville,1990
170,Go,Liesa Call,1977
171,Let's Not Keep in Touch!,Cristal Sharpling,1977
172,G.I. Joe: Retaliation,Crawford Rennenbach,1997
173,"Naked Gun: From the Files of Police Squad!, The",Maurits Finnemore,1978
174,Maternal Halfbrothers (Braca po materi),Ailina Tomala,1964
175,Starry starry night (Xing kong),Christal Howard,1967
176,Fear,Ernest Cradock,1986
177,Buddy Buddy,Nikolia Nannoni,1993
178,Wheels on Meals (Kuai can che),Hannah Moogan,1947
179,Mr. Wonderful,Bernadene Sedgmond,1984
180,Lord Jim,Edeline Hogbourne,1952
181,24: Redemption,Tanney Desantis,1985
182,"Dam Busters, The",Chrystel Woodthorpe,1947
183,"M. Hulot’s Holiday (Mr. Hulot's Holiday) (Vacances de Monsieur Hulot, Les)",Philbert Alldis,1991
184,Backdraft,Neilla Dagless,1969
185,Where the Buffalo Roam,Hastie Evitt,1984
186,"Harder They Fall, The",Aundrea Torbard,1995
187,Werewolf Woman (La lupa mannara),Elwyn Worledge,1972
188,Inland Empire,Evin Fawley,1982
189,Girls About Town,Grace Pargeter,1973
190,Trick,Brennen Scurry,1973
191,I Was a Teenage Zombie,Roxi Dansken,1986
192,Frozen River,Elle Heineken,1949
193,"Book of Eli, The",Nettle Craik,1995
194,Four Ways Out,Vinnie Henfre,1969
195,"Civil War, The",Jemie Kilian,2000
196,"Noose, The (Petla)",Charyl Downing,2000
197,"Scarlet Pimpernel, The",Madella Plumridege,1987
198,Bettie Page Reveals All,Corby Eagleston,1962
199,Things Behind the Sun,Ardra Hindenberger,1958
200,Campus Man,Belicia Corten,1977
201,Private Lessons,Agna Rablen,1978
202,My Own Private Idaho,Paulette Ellwell,1968
203,Mad Hot Ballroom,Weston Blythe,1999
204,Hav Plenty,Sig Moland,1961
205,Undisputed II: Last Man Standing,Darin McArthur,1977
206,"Pearls of the Crown, The (Les perles de la couronne)",Eloise Tubbs,1977
207,"Tale of Two Cities, A",Virgina Matussevich,1959
208,Einstein and Eddington,Derward Sarfas,1971
209,Luna de Avellaneda,Milton Amori,1986
210,Erik the Viking,Maryrose Blazhevich,1950
211,Cassandra's Dream,Jeannine Sends,1955
212,300 Miles to Heaven (300 Mil do Nieba),Sianna Cake,1947
213,Jay Mohr: Funny for a Girl,Edik Elmhurst,1951
214,Sune på bilsemester,Harmonie Dunnico,1960
215,Valerie,Sibley Copo,1949
216,Crashing,Ollie Jindra,1983
217,Suicide Kings,Alfredo Wasbey,1966
218,Ivory Tower,Portia Galea,2000
219,Heaven Help Us,Dore Butler,1946
220,Too Late the Hero,Gabby Fries,1966
221,Adanggaman,Scarlet Antushev,1982
222,"Bodyguard, The",Robert Gregolin,1947
223,I Am Trying to Break Your Heart,Carl Hammer,1946
224,Liebestraum,Elbertina Fildery,1978
225,Cyrano de Bergerac,Honoria Fullstone,1951
226,"Winter Guest, The",Gilberte Gillitt,1969
227,"Clay Bird, The (Matir moina)",Thomasin Argile,1974
228,As You Like It,Rhianna Kemble,1955
229,"Deep, The (Djúpið)",Robbyn Strippling,1993
230,"Mississippi Mermaid (Sirène du Mississipi, La)",Urbain Gerb,1951
231,Adventures in Babysitting,Layla Satterly,1994
232,Virtuosity,Midge Ysson,1997
233,Arsenal,Janelle Large,1972
234,"N Word, The",Hyacinthie Davids,1999
235,Taras Bulba,Kimbell Ravens,1950
236,His Brother (Son frère),Ewen Nowakowska,1975
237,Codebreaker,Robinetta Moffat,1964
238,Angel on My Shoulder,Edi Corballis,1948
239,The Wild World of Lydia Lunch,Tomlin Grane,1950
240,Syriana,Dewitt Baigent,1945
241,"Stranger in Town, A",Annamaria Towler,1956
242,Purple Violets,Priscilla Harback,1972
243,"Sudden Wealth of the Poor People of Kombach, The (Der plötzliche Reichtum der armen Leute von Kombach)",Mickey Prattin,1986
244,Party Monster,Korrie Brauner,1955
245,Dark Water (Honogurai mizu no soko kara),Rhianna Relf,1983
246,"Dunwich Horror, The",Wallie Freegard,2000
247,All Passion Spent,Carrol Carbert,1978
248,Beloved/Friend (a.k.a. Amigo/Amado) (Amic/Amat),Ernesto Murfill,1950
249,Let the Good Times Roll,Porter Skillicorn,1965
250,Simon Birch,Nerta Abbison,1981
251,Touch,Loni Bennison,1949
252,"Man with the Movie Camera, The (Chelovek s kino-apparatom)",Marnie Earngy,1970
253,"First Grader, The",Gordan Ardy,1996
254,"Detective, The (C+ jing taam)",Gualterio Heinrici,1951
255,Mía,Shannen Meininger,1974
256,Bad 25,Ivonne Shields,1952
257,"Thing About My Folks, The",Casie Ennew,1969
258,South Pacific,Monroe Gilyatt,1954
259,Ironclad 2: Battle for Blood,Les Webland,1950
260,Lazybones,Rhianon Height,1959
261,Divine Secrets of the Ya-Ya Sisterhood,Jorrie Ackery,1979
262,"Wszystko, co kocham",Brandice Rossin,1955
263,Calling Dr. Gillespie,Dal Sainter,1985
264,Guncrazy,Annecorinne Hurlin,1982
265,Tobruk,Budd Snow,1976
266,Man of Marble (Czlowiek z Marmuru),Amargo Lorryman,1989
267,Save the Last Dance 2,Winn Gillian,1988
268,Inn of Evil (Inochi bô ni furô),Elisabetta Sygroves,1965
269,"Cosmonaut, The",Daria Ojeda,1966
270,Up Periscope,Happy Bengtsson,1985
271,Chizuko's Younger Sister (Futari),Leicester Mullan,2000
272,Mischief,Raquel Aronov,1988
273,"Marrying Man, The (Too Hot to Handle)",Peg Langtree,1973
274,"Dirty Dozen, The",Hunfredo Gately,1959
275,"Angriest Man in Brooklyn, The",Kris Aymes,1959
276,My Brother Tom,Walliw Weinmann,1991
277,Half of a Yellow Sun,Corri Hardeman,1970
278,Stay as You Are,Arnuad Riggert,1958
279,Return,Garvey Malenfant,1974
280,Make Way for Tomorrow,Neill Mays,1978
281,"Eye for an Eye, An",Jacquelynn Micallef,1995
282,Trailer Park Boys: The Movie,Ivory Clemmen,1998
283,Margaret Cho: Assassin,Taddeusz Ryder,1996
284,Blood and Chocolate,Petronia Tuffey,1985
285,Glee: The 3D Concert Movie,Sheena Maren,1968
286,Brighton Rock,Kim Ovey,2000
287,Giants and Toys (Kyojin to gangu),Fremont Tewelson,1969
288,Walking With Dinosaurs,Kris Sangwin,1994
289,El Niño,Marcellus Ellsom,1962
290,Hitman Hart: Wrestling with Shadows,Demetria Mulkerrins,1960
291,Return to Paradise,Kathryne Crickmoor,1990
292,"Girlfriends, The (Le amiche)",Renee Corless,1968
293,Yuki & Nina,Bogart Vaugham,1984
294,Faces of Death 4,Velma Bertomier,1981
295,Safe House,Tarra Pull,1972
296,Desert Flower,Reese Garwell,1955
297,So Undercover,Waite Patrickson,1996
298,"Rains Came, The",Selinda Smidmor,1967
299,3 Bad Men,Alfonse Madill,1975
300,"Puppet Masters, The",Sherrie Ratazzi,1987
301,The French Kissers,Mendel Vobes,1945
302,Casanova's Big Night,Giffy Dillestone,1947
303,"Land, The (Al-ard)",Monte Benjafield,1980
304,Rudolph the Red-Nosed Reindeer,Deck Ewbanck,1977
305,Anaconda III,Hunter McDiarmid,1991
306,Over Your Cities Grass Will Grow,Gerri Engelmann,1951
307,Requiem,Una Gecks,1951
308,Friday Night (Vendredi Soir),Torin Organ,1947
309,"Beautiful Life, A",Angel Cooper,1945
310,Mad Money,Dionisio Scates,1973
311,"Belly of an Architect, The",Weber MacAndie,1964
312,"Never Play Clever Again (Gendarme et les gendarmettes, Le)",Gabi Fitchen,1963
313,Jerry Maguire,Marielle Trenchard,1986
314,Town & Country,Whit Schowenburg,1987
315,"Hunt for Red October, The",Alyda Wasielewicz,1960
316,"Rutles 2: Can't Buy Me Lunch, The",Orelie Quakley,1985
317,"Battle Creek Brawl (Big Brawl, The)",Gianna Usherwood,1946
318,Family Law (Derecho de familia),Adelle Linsey,1961
319,"Elephant in the Living Room, The",Joice Drury,1997
320,Pearl Jam: Immagine in Cornice - Live in Italy 2006,Sukey Covington,1962
321,Farewell (L'affaire Farewell),Germaine Konmann,1965
322,Revenge of the Nerds II: Nerds in Paradise,Estell Grinikhinov,1962
323,Colour Me Kubrick: A True...ish Story,Genna Eginton,1975
324,"Order, The",Ad Vicioso,1958
325,Manito,Selena Filyakov,1974
326,Star Wars: Episode III - Revenge of the Sith,Corine Huggett,1980
327,Blue Collar,Tomasina Gullifant,1952
328,Number Two (Numéro deux),Ola Mc Caghan,1968
329,"Bucket Of Blood, A",Galven Enocksson,1974
330,Uwasa No Onna (The Woman in the Rumor) (Her Mother's Profession),Phelia Tackes,1955
331,Small Soldiers,Cassie Mellsop,1997
332,Bit by Bit,Paddie Bancroft,1952
333,The Golden Cage,Augustine Euels,1972
334,Love Is All You Need (Den skaldede frisør),Artemis Grieves,1965
335,From the East (D'Est),Maurits Kermitt,1980
336,Metropia,Slade Coppens,1947
337,"Promise, The (Versprechen, Das)",Sophey Bearsmore,1984
338,No End (Bez konca),Brendis Oles,1947
339,Holes,Marielle Vasyutin,1971
340,The Green,Whitman Tabner,1951
341,Forest (Rengeteg),Roselin Dedney,1958
342,Panic,Gottfried Scemp,1975
343,Down to You,Beitris Guerner,1955
344,"Sumo Do, Sumo Don't (Shiko funjatta)",Hildegaard Gellion,1953
345,Gimme Shelter,Christalle Arkow,1994
346,Union Square,Rafael Lawler,1983
347,El Niño,Jessamine Limming,1994
348,Delta,Lorettalorna Kibel,1980
349,Frankie and Johnny,Minetta Keddie,2000
350,Nine Miles Down,Gratiana McGing,1997
351,"Unlikely Weapon, An",Etan Pretti,1945
352,Lights in the Dusk (Laitakaupungin valot),Zak Huddles,1962
353,"Phantom Tollbooth, The",Rosette Stelle,1990
354,Decoys,Corilla Streeton,1996
355,Three (a.k.a. 3),Paulita Feldman,1961
356,"Chocolate Soldier, The",Loise Heims,1959
357,Jeremy,Marlowe Timmes,1998
358,"Miss and the Doctors (Tirez la langue, mademoiselle)",Elisha Jost,1985
359,Blackboards (Takhté Siah),Anestassia Krzyzaniak,1995
360,Kevin Smith: Too Fat For 40,Randy Wakenshaw,1975
361,Blind Massage (Tui na),Callean Seyffert,1989
362,Idle Hands,Judye Roskilly,1983
363,"Jour se lève, Le (Daybreak)",Janeen Gretton,1999
364,Breakfast on Pluto,Viviyan Wibberley,1999
365,Die! Die! My Darling! (Fanatic),Riva Full,1961
366,"Gendarme Gets Married, The (Le gendarme se marie)",Craig Robberecht,1972
367,"Rat Savior, The (Izbavitelj)",Carlen Bratley,1978
368,"I Love You, Beth Cooper",Meggie Zanetello,1987
369,Austin Powers in Goldmember,Conny Issard,1957
370,"Great Race, The",Vlad Plunkett,1978
371,Veronica Guerin,Debee Weekland,1959
372,Frozen Land (Paha maa),Nickie Scullin,1969
373,I Live My Life,Rolf Punt,1984
374,Higher Learning,Cullen Dellenbroker,1950
375,Flight of the Intruder,Bram Hayden,1968
376,Pieces of April,Moina Cure,1977
377,"Softening of the Egg, The (Ägget är löst!)",Bron Shirtcliffe,1998
378,Diplomatic Immunity (2009– ),Lou Ashborne,1982
379,Little Monsters,Udell Baldin,1959
380,El Cid,Jordan Lain,1990
381,Hallelujah!,Stephana Darrel,1968
382,Ulysses' Gaze (To Vlemma tou Odyssea),Benedicta Gapp,1999
383,"Phantom Stagecoach, The",Odey Piwell,1995
384,Rush,Cissiee Halwood,1987
385,French Fried Vacation (Les Bronzés),Berkie Dulake,1961
386,The Radio Pirates,Onofredo Gammon,1997
387,Marie Krøyer,Kirsten Halfacree,1968
388,Loser,Barrie Binton,1948
389,This Above All,Blane Souttar,1954
390,Green Ice,Iseabal Paszak,1979
391,RoboGeisha (Robo-geisha),Bordie Eshmade,1981
392,"Place Beyond the Pines, The",Selby Brockley,1978
393,The Wind in the Willows,Verine Topp,1958
394,"Good Thief, The",Gage Cawcutt,1982
395,The Five Man Army,Shani Snartt,1988
396,Lenny,Eugenius Ghilardi,1993
397,"Thank You, Mr. Moto",Lazaro Cordery,1970
398,Cohen and Tate,Dani Scough,1954
399,"New Rulers of the World, The",Edsel Sheach,1991
400,Punk in London,Gertruda Stelljes,1991
401,Jet Pilot,Kain Casassa,1967
402,"High Cost of Living, The",Judd Hubatsch,1948
403,Crazy Sexy Cancer,Gunner Vowells,1981
404,Tess of the Storm Country,Rem Howatt,1987
405,"Walk, Don't Run",Brnaby Geffcock,1958
406,"Olsen Gang, The (Olsen-Banden)",Averill Fort,1951
407,Sun Wind (Aurinkotuuli),Shirlee Ferrieroi,1988
408,And Nobody Weeps for Me (Und keiner weint mir nach),Sunny Iacovuzzi,1997
409,Ferocious,Meredithe Jostan,1978
410,Night Tide,Purcell Kennifick,1969
411,Tremors 3: Back to Perfection,Lilas Lambrecht,1949
412,"Hell Without Limits (Lugar sin límites, El)",Moses Meanwell,1957
413,"After Fall, Winter",Brandy Fawdery,1998
414,Edward Scissorhands,Lydia Selesnick,1996
415,Changing Sides (De l'autre côté du lit),Christel Vial,1999
416,Bridegroom,Murry Freire,1951
417,Kanchenjungha,Ashlin Ikin,1977
418,Manhunt,Muffin Bernhard,1948
419,Tombs of the Blind Dead (La noche del terror ciego),Willamina Maggill'Andreis,1963
420,Patlabor: The Movie (Kidô keisatsu patorebâ: The Movie),Aubry Lermit,1976
421,The Magnet,Jesselyn Gregoriou,1945
422,Smokin' Aces,Claudius Ravilus,1953
423,"Parisienne, La (Une parisienne)",Dianna Brennans,1981
424,House of Dracula,Jonathon Kelshaw,1978
425,"Tall Target, The",Hakim Twinterman,1947
426,"Cameraman's Revenge, The (Mest kinematograficheskogo operatora)",Gibb Eagger,1948
427,Street of Shame (Akasen chitai),Bentley Cossington,1970
428,Tarzan's Greatest Adventure,Gloria Ludlow,1951
429,"Dark Hours, The",Ramonda Mowett,1997
430,"Racket, The",Franchot Semrad,1980
431,Alphabet,Hyacinthia Schohier,1987
432,The Forbidden Room,Emerson Moran,1947
433,Divine Madness!,Charyl Howton,1977
434,Save the Last Dance 2,Gwynne Albion,1996
435,I Love You to Death,Melisse Haacker,1980
436,Vincent: A Life in Color,Camella Guilaem,1997
437,High School,Donna Fakeley,1962
438,Blue Valentine,Tedra Kienzle,1986
439,Killer Legends,Stesha Goodrich,1975
440,Battleground,Gerti Longfoot,1973
441,Zouzou,Daphne Belhomme,1966
442,Painless (Insensibles) ,Leshia McLaughlan,1989
443,"Chemical Brothers: Don't Think, The",Marga Crow,2000
444,Little Accidents,Fletch Bowditch,1962
445,Richard Pryor Live on the Sunset Strip,Mirabelle Jelk,1967
446,"Birds, the Bees and the Italians, The (Signore & signori)",Murvyn Yourell,1949
447,Sweeney Todd: The Demon Barber of Fleet Street,Terry Sommerville,1955
448,"Million Ways to Die in the West, A",Heddi Szymanek,1959
449,Guys and Dolls,Winni Greenfield,1945
450,Out of the Blue,Chester Franzen,1951
451,LOL,Averil Clementi,1971
452,Miracle in Milan (Miracolo a Milano),Gae Castrillo,1984
453,Legend of the Lost,Phedra Waryk,1960
454,"Necessities of Life, The (Ce qu'il faut pour vivre)",Lizzie Trevena,1982
455,Slappy and the Stinkers,Phillip Stockley,1964
456,In the Mood For Love (Fa yeung nin wa),Aubree Janning,1971
457,Muzi v nadeji,Katinka Spadoni,1951
458,Street Fighter: Assassin's Fist,Brant Culpen,1947
459,"Extra Man, The",Binnie Boichat,1967
460,Don't Say a Word,Tonya Madison,1989
461,Lust for Love,Oberon Healks,1972
462,Kickboxer 4: The Aggressor,Ardath Dearnly,2000
463,Pray the Devil Back to Hell,Michelina Stobart,1988
464,My Life as McDull (Mak dau goo si),Caye Saxelby,1981
465,Bionicle 2: Legends of Metru Nui,Clemence Osmund,1987
466,"Nightmare on Elm Street 4: The Dream Master, A",Clark Dumberell,1964
467,"Charge of the Light Brigade, The",Neville Talby,1958
468,Houseboat,Jeramey Trusdale,1961
469,Turbo: A Power Rangers Movie,Price Roderham,1953
470,Libeled Lady,Sully Camillo,1989
471,Dead of Winter,Debbi Meron,1981
472,Sweeney Todd: The Demon Barber of Fleet Street,Lukas Joffe,1985
473,"Christmas Toy, The",Gawain Chable,1950
474,"Norte, the End of History",Lorilee Tremollet,1957
475,Monogamy ,Bert Bedlington,1961
476,Ghost from the Machine (Phasma Ex Machina),Oates Gainforth,1990
477,Rodan (Sora no daikaijû Radon),Callean Curran,1963
478,My Father and My Son (Babam ve oglum),Amandi Hicken,1968
479,"Big House, The",Janella Van Castele,1954
480,Bizarre,Mischa Djurkovic,1945
481,Quiet Flows the Don (Tikhiy Don),Hayyim Stockings,1990
482,Boots and Saddles,Nanine Leworthy,1971
483,Clockwatchers,Ernest Crunkhorn,1956
484,Freejack,Corabelle Thyer,1997
485,One Magic Christmas,Addie Scopes,1996
486,No Nukes,Kassie McPaik,2000
487,Year of the Horse,Fabiano Collar,1996
488,The Improv: 50 Years Behind the Brick Wall,Sherman Kennett,1997
489,Private Hell 36,Giuditta Agett,1952
490,Sirocco,Shadow Toffts,1974
491,Little Lord Fauntleroy,Hartwell Biglin,1952
492,Gandhi,Trixie Faulks,1973
493,Black Tights (1-2-3-4 ou Les Collants noirs),Hilary M'Quharg,1988
494,Without a Clue,Inga Cristobal,1977
495,Simon Killer ,Kitty Sumshon,1974
496,"Perfume of the Lady in Black, The (Il profumo della signora in nero)",Paola Pymm,1974
497,Monte Carlo,Darcie Duding,1987
498,"Bishop's Wife, The",Deva Burnet,1967
499,5x2,Creight Forte,1981
500,"Making Plans for Lena (Non ma fille, tu n'iras pas danser)",Rodrick Itzkovitch,1998
